{
    "category": "world",
    "dimension": 2,
    "description": "N/A",
    "min_corner": [-5, -5],
    "max_corner": [5, 5],
    "shapes": [
        {
            "type": "polygon",
            "color": "yellow",
            "x_points": [-2.1304,   -0.1957,    1.1739,    2.0217,    1.9783,    0.0000,    -1.9348,   -2.8261,   -2.7826,    0.4565,    2.5870,    2.5652,     0.5217,   -2.5652,   -2.5870,   -1.9130,    0.0000,    2.1739,  2.2609,    1.3696,  -0.1522,   -2.2609,   -2.1304],
            "y_points": [-1.5978,   -2.5761,   -2.3587,   -1.1848,    1.0109,    1.6413,    0.7500,    1.6848,    3.4674,    4.4674,    4.3152,    4.0543,  4.2065,    3.2935,    1.8370,    1.0978,    1.9022,    1.2283,   -1.3152,   -2.5978,   -2.8152,   -1.9022,   -1.5978]
        }
    ]
}