{
    "category": "mobile_robot",
    "mass": 0.841,
    "label": "chassis",
    "description": "PuzzleBot: Differential drive with reflectance, servo+sonar",
    "wheel_error_constant": 1e-2,
    "shape": {
        "type": "cylinder",
        "color": "red",
        "diameter": 0.28,
        "z_limits": [-0.0025, 0.0025]
    },
    "transformation": [
        [1, 0, 0, 0],
        [0, 1, 0, 0], 
        [0, 0, 1, 0], 
        [0, 0, 0, 1]
    ],
    "components": [
        {
            "file_name": "motor_0001.json",
            "label": "right motor",
            "parent_label": "chassis",
            "rotation_convension": "lhr",
            "transformation": [
                [1, 0, 0, 0],
                [0, 0, -1, -0.08],
                [0, 1, 0, 0],
                [0, 0, 0, 1]
            ]
        },
        {
            "file_name": "motor_0001.json",
            "label": "left motor",
            "parent_label": "chassis",
            "rotation_convension": "rhr",
            "transformation": [
                [1, 0, 0, 0],
                [0, 0, 1, 0.08],
                [0, -1, 0, 0],
                [0, 0, 0, 1]
            ]
        },
        {
            "file_name": "wheel_0001.json",
            "label": "right wheel",
            "parent_label": "right motor",
            "rotation_convension": "lhr",
            "transformation": [
                [1, 0, 0, 0],
                [0, 1, 0, 0],
                [0, 0, 1, 0],
                [0, 0, 0, 1]
            ]
        },
        {
            "file_name": "wheel_0001.json",
            "label": "left wheel",
            "parent_label": "left motor",
            "transformation": [
                [1, 0, 0, 0],
                [0, 1, 0, 0],
                [0, 0, 1, 0],
                [0, 0, 0, 1]
            ]
        },
        {
            "file_name": "encoder_0001.json",
            "label": "right encoder",
            "parent_label": "right motor",
            "rotation_convension": "lhr",
            "transformation": [
                [1, 0, 0, 0],
                [0, 1, 0, 0],
                [0, 0, 1, 0],
                [0, 0, 0, 1]
            ]
        },
        {
            "file_name": "encoder_0001.json",
            "label": "left encoder",
            "parent_label": "left motor",
            "transformation": [
                [1, 0, 0, 0],
                [0, 1, 0, 0],
                [0, 0, 1, 0],
                [0, 0, 0, 1]
            ]
        },
        {
            "file_name": "lidar_0002.json",
            "label": "lidar",
            "parent_label": "chassis",
            "transformation": [
                [1, 0, 0, 0],
                [0, 1, 0, 0],
                [0, 0, 1, 0.08],
                [0, 0, 0, 1]
            ]
        }
     ]
}
