{
    "category": "mobile_robot",
    "mass": 0.5,
    "label": "chassis",
    "description": "PuzzleBot: Differential drive with reflectance, servo+sonar",
    "wheel_error_constant": 1e-2,
    "shape": {
        "type": "cylinder",
        "color": "red",
        "diameter": 0.32,
        "z_limits": [-0.0025, 0.0025]
    },
    "transformation": [
        [1, 0, 0, 0],
        [0, 1, 0, 0], 
        [0, 0, 1, 0], 
        [0, 0, 0, 1]
    ],
    "components": [
        {
            "file_name": "motor_0001.json",
            "label": "right motor",
            "parent_label": "chassis",
            "rotation_convension": "lhr",
            "transformation": [
                [1, 0, 0, 0],
                [0, 0, -1, -0.09],
                [0, 1, 0, 0],
                [0, 0, 0, 1]
            ]
        },
        {
            "file_name": "motor_0001.json",
            "label": "left motor",
            "parent_label": "chassis",
            "rotation_convension": "rhr",
            "transformation": [
                [1, 0, 0, 0],
                [0, 0, 1, 0.09],
                [0, -1, 0, 0],
                [0, 0, 0, 1]
            ]
        },
        {
            "file_name": "wheel_0001.json",
            "label": "right wheel",
            "parent_label": "right motor",
            "rotation_convension": "lhr",
            "transformation": [
                [1, 0, 0, 0],
                [0, 1, 0, 0],
                [0, 0, 1, 0],
                [0, 0, 0, 1]
            ]
        },
        {
            "file_name": "wheel_0001.json",
            "label": "left wheel",
            "parent_label": "left motor",
            "transformation": [
                [1, 0, 0, 0],
                [0, 1, 0, 0],
                [0, 0, 1, 0],
                [0, 0, 0, 1]
            ]
        },
        {
            "file_name": "encoder_0001.json",
            "label": "right encoder",
            "parent_label": "right motor",
            "rotation_convension": "lhr",
            "transformation": [
                [1, 0, 0, 0],
                [0, 1, 0, 0],
                [0, 0, 1, 0],
                [0, 0, 0, 1]
            ]
        },
        {
            "file_name": "encoder_0001.json",
            "label": "left encoder",
            "parent_label": "left motor",
            "transformation": [
                [1, 0, 0, 0],
                [0, 1, 0, 0],
                [0, 0, 1, 0],
                [0, 0, 0, 1]
            ]
        },
        {
            "file_name": "reflectance_0002.json",
            "label": "reflectance",
            "parent_label": "chassis",
            "transformation": [
                [0, 1, 0, 0.065],
                [-1, 0, 0, 0],
                [0, 0, 1, 0],
                [0, 0, 0, 1]
            ]
        },
        {
            "file_name": "motor_0002.json",
            "label": "servo motor",
            "parent_label": "chassis",
            "transformation": [
                [1, 0, 0, 0.06],
                [0, 1, 0, 0],
                [0, 0, 1, 0.08],
                [0, 0, 0, 1]
            ]
        },
        {
            "file_name": "sonar_0001.json",
            "label": "sonar",
            "parent_label": "servo motor",
            "transformation": [
                [0, 0, 1, 0.02],
                [0, 1, 0, 0],
                [-1, 0, 0, 0.015],
                [0, 0, 0, 1]
            ]
        }
     ]
}
